rating_bucket,game_id,platform_url,played_date,time_control,result,outcome,leader_color,leader_rating,opponent_rating,leader_inaccuracies,leader_mistakes,leader_blunders,opponent_inaccuracies,opponent_mistakes,opponent_blunders
800,17684,https://lichess.org/jYj3JK8e,2025-07-16,blitz,1-0,leader_wins,white,1162,973,0,2,0,2,0,2
800,815367,https://lichess.org/2JIUjYY5,2025-08-14,rapid,0-1,leader_wins,black,982,822,3,0,0,3,4,0
800,22086,https://lichess.org/JsH4TVLy,2026-04-19,blitz,0-1,leader_wins,black,972,947,3,0,0,2,2,1
800,734041,https://lichess.org/cMCIGiVQ,2025-05-22,blitz,1-0,leader_loses,black,700,812,1,0,0,5,0,1
800,26831,https://lichess.org/Cn3en9kT,2025-12-17,blitz,0-1,leader_wins,black,916,930,0,0,1,3,1,2
800,2213,https://lichess.org/dpt3p9Js,2026-03-13,blitz,1-0,leader_wins,white,923,989,1,1,0,7,2,0
800,2491,https://lichess.org/6INvq5Ka,2025-09-10,blitz,0-1,leader_wins,black,930,1000,1,0,0,3,1,1
800,98690,https://lichess.org/ErOtC77d,2025-12-27,rapid,1-0,leader_wins,white,999,972,0,0,0,1,1,1
800,808211,https://lichess.org/SnHOaKs8,2026-03-12,rapid,0-1,leader_wins,black,857,851,0,0,1,2,3,1
800,17576,https://lichess.org/GQN4Hibl,2025-08-08,blitz,0-1,leader_wins,black,993,1074,0,0,0,2,1,1
800,84764,https://lichess.org/nmp7WZ21,2026-03-28,classical,1-0,leader_wins,white,952,910,2,0,3,1,0,3
800,714977,https://lichess.org/9gmPDnix,2025-12-08,blitz,1-0,leader_wins,white,820,814,1,1,1,2,0,2
800,15719,https://lichess.org/7vqQBkOr,2025-08-06,blitz,0-1,leader_wins,black,785,702,2,0,1,3,0,1
800,717519,https://lichess.org/dvlD8jvD,2026-03-12,blitz,1-0,leader_wins,white,934,960,4,0,0,5,1,1
800,818850,https://lichess.org/6xltRTVx,2026-04-10,rapid,0-1,leader_wins,black,851,941,2,0,0,3,0,2
800,4617,https://lichess.org/qArH2pMt,2026-02-22,blitz,0-1,leader_loses,white,867,885,0,1,0,3,1,2
800,17873,https://lichess.org/7uVXFdwW,2025-06-10,blitz,0-1,leader_wins,black,910,880,5,0,0,1,2,2
800,17521,https://lichess.org/KiDevhCf,2025-08-18,blitz,1-0,leader_wins,white,960,902,1,0,1,1,0,1
800,828825,https://lichess.org/muXgtYPk,2026-03-12,rapid,0-1,leader_loses,white,794,867,2,2,2,6,2,3
800,104985,https://lichess.org/4oCCnmy7,2026-02-15,rapid,1-0,leader_wins,white,791,862,0,0,0,4,2,1
800,8885,https://lichess.org/bpIPH0EN,2026-04-18,blitz,1-0,leader_wins,white,852,882,0,1,1,3,1,3
800,269,https://lichess.org/eQgJAsVR,2026-02-14,blitz,0-1,leader_wins,black,761,823,2,0,3,1,1,4
800,808871,https://lichess.org/cLdVHKHU,2026-02-22,rapid,1-0,leader_wins,white,956,912,0,3,0,3,3,1
800,723798,https://lichess.org/wQUDP2a8,2026-03-11,blitz,0-1,leader_wins,black,903,971,0,3,4,3,1,5
800,717677,https://lichess.org/OtBSaa55,2026-02-01,blitz,0-1,leader_wins,black,944,842,2,1,0,5,1,1
800,2448,https://lichess.org/DVOgzzev,2025-09-25,blitz,1-0,leader_wins,white,956,991,2,1,0,2,0,1
800,717579,https://lichess.org/vskPW4Sv,2026-02-26,blitz,0-1,leader_wins,black,926,884,3,1,0,4,2,2
800,728178,https://lichess.org/MfyXs87I,2026-03-06,blitz,0-1,leader_wins,black,996,998,1,0,0,2,0,2
800,104891,https://lichess.org/W1KBpUya,2026-03-02,rapid,0-1,leader_loses,white,811,842,3,1,0,2,1,1
800,118989,https://lichess.org/VH4KM73y,2026-02-13,rapid,0-1,leader_wins,black,972,1146,2,0,0,3,0,1
800,114806,https://lichess.org/F9uokBrg,2026-02-14,rapid,0-1,leader_wins,black,1074,956,2,1,4,4,1,4
800,12437,https://lichess.org/RUM1QJob,2026-02-26,blitz,0-1,leader_wins,black,940,1605,1,1,0,2,1,1
800,10501,https://lichess.org/SLLuNA0p,2026-03-21,blitz,1-0,leader_wins,white,933,1017,0,2,0,3,2,1
800,31247,https://lichess.org/7q0JYOgB,2023-06-19,blitz,0-1,leader_wins,black,998,1069,1,0,2,0,1,1
800,107545,https://lichess.org/gyTncEx4,2025-12-27,rapid,1-0,leader_wins,white,808,853,1,0,0,2,2,0
800,97877,https://lichess.org/UBnZ2Tu2,2025-11-15,rapid,1-0,leader_wins,white,920,990,3,0,0,7,1,1
800,805157,https://lichess.org/95mar8W1,2026-03-05,rapid,1-0,leader_wins,white,923,1182,2,0,1,4,1,1
800,119836,https://lichess.org/SEPcYer2,2026-03-08,rapid,0-1,leader_loses,white,941,995,2,2,2,4,7,2
800,99027,https://lichess.org/OO8MkMmf,2025-09-29,rapid,0-1,leader_wins,black,1090,959,2,2,2,5,2,3
800,23280,https://lichess.org/ADXfXGUd,2025-12-22,blitz,1-0,leader_loses,black,987,1009,0,0,0,3,1,0
800,734036,https://lichess.org/9jeL9Ufr,2025-05-22,blitz,0-1,leader_wins,black,686,712,1,0,0,3,0,1
800,733914,https://lichess.org/eHd7f2qW,2023-05-26,blitz,1-0,leader_wins,white,883,949,3,0,2,6,0,3
800,717593,https://lichess.org/5PD6JMSF,2026-02-18,blitz,1-0,leader_wins,white,822,930,3,2,0,4,4,1
800,16706,https://lichess.org/2Svyt90a,2026-01-09,blitz,0-1,leader_wins,black,884,891,0,0,0,1,1,1
800,706365,https://lichess.org/S7qpHBiv,2026-04-04,blitz,0-1,leader_wins,black,871,751,2,1,0,5,1,2
800,817122,https://lichess.org/Qo1vzb4l,2025-12-19,rapid,0-1,leader_wins,black,812,581,3,2,1,5,2,3
800,738799,https://lichess.org/odGjt3bM,2025-02-16,blitz,0-1,leader_loses,white,626,618,4,1,2,6,0,3
800,718277,https://lichess.org/u1BtvZX5,2023-04-22,blitz,0-1,leader_wins,black,944,851,4,1,2,6,3,2
800,114808,https://lichess.org/UlyHzWfo,2026-02-14,rapid,1-0,leader_wins,white,962,875,1,0,0,5,2,0
800,714756,https://lichess.org/1ZlgzAFh,2026-01-08,blitz,1-0,leader_wins,white,1057,917,1,1,0,2,0,2
800,705953,https://lichess.org/vJQpsttr,2026-03-06,blitz,0-1,leader_wins,black,793,814,2,5,1,8,1,3
800,714566,https://lichess.org/0hWZ6WOF,2026-04-14,blitz,1-0,leader_wins,white,849,819,0,0,4,0,2,4
800,17621,https://lichess.org/9GYizcnm,2025-07-26,blitz,1-0,leader_wins,white,968,942,5,2,0,7,3,1
800,971853,https://lichess.org/g4GTqwAF,2025-03-29,rapid,1-0,leader_wins,white,777,759,1,0,4,4,2,3
800,16283,https://lichess.org/AX0CUVgG,2026-03-12,blitz,0-1,leader_wins,black,984,987,3,1,0,3,3,1
800,828508,https://lichess.org/N5xlEJNm,2026-04-07,rapid,1-0,leader_loses,black,801,791,1,1,1,2,2,3
800,16228,https://lichess.org/g8ZC0ccX,2026-03-29,blitz,1-0,leader_wins,white,999,996,1,1,2,4,4,3
800,819489,https://lichess.org/ekyc4g6r,2025-11-21,rapid,0-1,leader_wins,black,965,976,1,1,1,2,2,2
800,808390,https://lichess.org/8UrF2hUG,2026-03-01,rapid,0-1,leader_wins,black,786,759,1,2,1,1,4,3
800,23415,https://lichess.org/nJxL7YZ1,2025-11-26,blitz,1-0,leader_wins,white,972,1032,4,0,0,2,1,2
800,715823,https://lichess.org/PpniZeCA,2026-03-19,blitz,1-0,leader_wins,white,824,750,2,0,0,1,0,2
800,817430,https://lichess.org/eogM0WqH,2026-03-03,rapid,0-1,leader_wins,black,836,676,1,0,0,7,0,0
800,76123,https://lichess.org/Oc6CHJSa,2026-03-21,classical,1-0,leader_wins,white,945,972,0,0,1,3,1,2
800,109733,https://lichess.org/HXB1hlnW,2025-12-20,rapid,1-0,leader_wins,white,881,937,2,0,1,2,1,3
800,4367,https://lichess.org/hxq1sOJE,2023-08-08,blitz,1-0,leader_wins,white,961,954,2,0,0,2,1,1
800,815449,https://lichess.org/J4LTtQaP,2025-08-04,rapid,1-0,leader_wins,white,979,863,1,1,0,1,5,1
800,818633,https://lichess.org/kf9qliKO,2026-04-21,rapid,1-0,leader_wins,white,955,956,6,5,0,9,8,0
800,104905,https://lichess.org/JfD7Ywmm,2026-02-25,rapid,0-1,leader_loses,white,652,816,3,0,1,1,1,3
800,943512,https://lichess.org/SaqvFylB,2026-02-05,rapid,0-1,leader_wins,black,919,854,4,0,4,4,3,8
800,78395,https://lichess.org/jeSaTslc,2026-04-12,classical,0-1,leader_wins,black,1052,888,3,2,4,3,4,3
800,711487,https://lichess.org/seAVb0QW,2026-04-17,blitz,1-0,leader_wins,white,918,1078,3,2,0,5,3,1
800,17940,https://lichess.org/NfrXleQo,2025-05-28,blitz,0-1,leader_wins,black,856,855,2,0,0,3,1,1
800,717435,https://lichess.org/ykmrmRXy,2026-04-14,blitz,1-0,leader_wins,white,915,961,4,2,2,4,5,3
800,94674,https://lichess.org/jtqkTKWl,2026-02-14,rapid,0-1,leader_wins,black,970,1013,2,0,0,1,0,2
800,807430,https://lichess.org/CBWEuak3,2026-03-18,rapid,1-0,leader_wins,white,1007,963,2,0,2,1,3,2
800,17871,https://lichess.org/p6f42sUw,2025-06-10,blitz,1-0,leader_loses,black,920,893,0,0,1,2,1,2
800,805672,https://lichess.org/jeb7vQJX,2025-12-13,rapid,0-1,leader_wins,black,869,887,2,0,1,1,0,3
800,715947,https://lichess.org/FF5sI5IX,2025-07-31,blitz,0-1,leader_wins,black,796,884,0,2,1,2,1,3
800,828671,https://lichess.org/Ow6vwRPR,2026-03-23,rapid,0-1,leader_loses,white,837,1077,3,3,0,6,3,2
800,733674,https://lichess.org/7xISyYjk,2023-06-13,blitz,1-0,leader_wins,white,899,874,3,0,0,1,1,1
800,718159,https://lichess.org/Iuf90ndN,2025-07-08,blitz,0-1,leader_wins,black,782,651,1,1,0,5,1,2
800,253905,https://lichess.org/2VFRYdH0,2024-12-18,rapid,0-1,leader_wins,black,933,943,2,0,0,3,1,1
800,829113,https://lichess.org/mKlynSGK,2026-02-04,rapid,1-0,leader_wins,white,861,1110,3,1,2,3,4,2
800,96486,https://lichess.org/LZre7bXB,2025-10-25,rapid,1-0,leader_loses,black,846,863,1,1,2,1,2,2
800,115934,https://lichess.org/M7uZPG63,2026-02-13,rapid,1-0,leader_wins,white,1120,989,0,1,1,0,0,3
800,828815,https://lichess.org/UMxorhzj,2026-03-13,rapid,1-0,leader_wins,white,793,857,3,1,1,4,1,2
800,805172,https://lichess.org/8FiS4StP,2026-03-04,rapid,1-0,leader_wins,white,939,960,1,2,1,3,1,1
800,23245,https://lichess.org/Aygz4fj7,2026-01-05,blitz,1-0,leader_wins,white,991,966,2,0,0,3,1,1
800,2192,https://lichess.org/rRoyEyRm,2026-03-31,blitz,0-1,leader_wins,black,961,947,0,0,1,1,1,2
800,717861,https://lichess.org/jBehNHZD,2025-11-25,blitz,1-0,leader_loses,black,1026,906,5,3,0,6,3,1
800,828606,https://lichess.org/e8NYLu2f,2026-03-27,rapid,1-0,leader_wins,white,865,744,1,0,1,6,2,0
800,101318,https://lichess.org/12dVvWrb,2026-01-31,rapid,0-1,leader_wins,black,889,809,1,2,2,0,3,2
800,2295,https://lichess.org/RGNGY5Go,2025-11-14,blitz,0-1,leader_wins,black,887,858,2,0,4,4,1,4
800,17744,https://lichess.org/HyRwERwy,2025-07-05,blitz,1-0,leader_wins,white,976,813,7,1,0,2,5,2
800,815043,https://lichess.org/mov9518w,2025-09-28,rapid,0-1,leader_wins,black,893,764,1,1,2,1,2,3
800,802175,https://lichess.org/IJzxseZN,2026-01-29,rapid,0-1,leader_wins,black,918,964,2,0,0,3,0,2
800,107653,https://lichess.org/oOMZOwiB,2025-12-25,rapid,0-1,leader_wins,black,732,715,3,1,0,4,2,1
800,15822,https://lichess.org/dzZy7IXo,2026-03-07,blitz,0-1,leader_wins,black,989,1021,3,1,2,3,2,2
800,785583,https://lichess.org/pUimPJQF,2025-12-04,classical,0-1,leader_wins,black,1122,892,0,0,0,1,3,1
800,17765,https://lichess.org/Crt44TGi,2025-07-01,blitz,1-0,leader_wins,white,962,862,2,1,1,4,3,1
1200,942137,https://lichess.org/YzmAwyap,2026-03-25,rapid,1-0,leader_wins,white,1384,1463,0,0,1,0,0,3
1200,270314,https://lichess.org/Usr4Poy6,2026-03-10,rapid,1-0,leader_wins,white,1497,1398,0,0,0,6,0,1
1200,163545,https://lichess.org/9RCLgNpY,2026-04-21,blitz,0-1,leader_wins,black,1301,1295,1,1,0,2,4,0
1200,100688,https://lichess.org/YbARagEk,2026-03-25,rapid,1-0,leader_wins,white,1212,1256,0,1,0,1,1,1
1200,705189,https://lichess.org/MIvNiUmL,2024-07-14,blitz,0-1,leader_wins,black,1171,1249,1,3,0,2,1,2
1200,3492,https://lichess.org/oaRz5e2z,2023-05-09,blitz,1-0,leader_wins,white,1183,1199,0,1,0,1,0,2
1200,866769,https://lichess.org/CNJPhOJ0,2025-09-20,blitz,1-0,leader_wins,white,1127,1163,3,1,0,5,1,1
1200,3373,https://lichess.org/pkbP5L4a,2024-05-09,blitz,1-0,leader_wins,white,1227,1204,0,0,0,3,0,1
1200,83657,https://lichess.org/auxDY8y4,2025-11-13,classical,1-0,leader_wins,white,1145,845,2,0,0,1,2,2
1200,17412,https://lichess.org/HcNpnpiY,2025-09-15,blitz,0-1,leader_wins,black,1055,1043,3,1,1,2,2,2
1200,244356,https://lichess.org/U6vCJdwl,2025-12-31,rapid,1-0,leader_wins,white,1374,1412,2,0,0,3,0,1
1200,866555,https://lichess.org/sjOh5iF4,2025-10-24,blitz,0-1,leader_wins,black,1201,1303,1,0,1,2,0,2
1200,970385,https://lichess.org/LRv3rxgG,2026-02-06,rapid,1-0,leader_wins,white,1226,1324,1,1,0,2,2,2
1200,942312,https://lichess.org/giNCSnj0,2026-02-18,rapid,1-0,leader_wins,white,1356,1342,1,0,0,0,2,1
1200,725097,https://lichess.org/PuNF8bpg,2025-10-06,blitz,1-0,leader_loses,black,1212,1253,1,0,1,3,1,2
1200,975533,https://lichess.org/WgwHHKZd,2026-02-03,rapid,0-1,leader_wins,black,1237,1243,1,0,0,6,0,1
1200,234973,https://lichess.org/bJxsSQaA,2025-11-26,rapid,1-0,leader_loses,black,1329,1296,0,0,1,4,2,1
1200,251352,https://lichess.org/mHpuBnVB,2025-09-16,rapid,1-0,leader_wins,white,1243,1238,0,1,4,0,1,3
1200,225665,https://lichess.org/np15pXaG,2026-01-20,classical,1-0,leader_wins,white,1376,1278,0,0,0,0,1,2
1200,149069,https://lichess.org/PMvMLPTU,2026-03-30,blitz,0-1,leader_wins,black,1355,1373,3,1,2,3,2,2
1200,257799,https://lichess.org/LiYHEr7V,2026-04-26,rapid,0-1,leader_wins,black,1384,1360,2,0,0,5,0,0
1200,870312,https://lichess.org/2qGMmXbw,2026-04-01,blitz,0-1,leader_wins,black,1197,1303,1,0,0,3,0,1
1200,119922,https://lichess.org/kdv869Oj,2026-02-24,rapid,1-0,leader_wins,white,1050,1044,1,1,0,2,2,1
1200,950548,https://lichess.org/8B7ahIH6,2026-03-10,rapid,0-1,leader_wins,black,1370,1336,1,0,0,1,1,2
1200,124539,https://lichess.org/2X3D9mmB,2025-09-09,blitz,1-0,leader_wins,white,1400,1351,2,2,3,1,3,6
1200,209899,https://lichess.org/1XguCNWe,2024-06-06,classical,1-0,leader_wins,white,1664,1300,1,0,0,1,0,1
1200,95604,https://lichess.org/UbOW5NOA,2026-03-04,rapid,0-1,leader_wins,black,1150,1071,3,0,0,3,1,0
1200,264122,https://lichess.org/OMMKBjeC,2026-04-15,rapid,0-1,leader_wins,black,1254,1252,0,0,1,4,0,2
1200,77136,https://lichess.org/Nup2o4c2,2025-06-22,classical,0-1,leader_wins,black,1172,1099,4,0,0,2,2,1
1200,266695,https://lichess.org/9cOzxuNI,2026-03-19,rapid,0-1,leader_wins,black,1352,1248,3,0,0,1,2,1
1200,99607,https://lichess.org/BfLs0GZt,2024-12-11,rapid,1-0,leader_wins,white,1048,1042,0,0,1,1,0,2
1200,259764,https://lichess.org/ftmjEBbL,2026-04-07,rapid,0-1,leader_wins,black,1377,1383,1,1,1,1,2,1
1200,225371,https://lichess.org/RPspU8z6,2026-02-24,classical,1-0,leader_wins,white,1500,1310,1,0,0,4,0,1
1200,101775,https://lichess.org/simAlw5Y,2026-03-30,rapid,1-0,leader_wins,white,1134,1199,0,0,0,3,1,0
1200,17116,https://lichess.org/T5v2PGdI,2026-04-12,blitz,1-0,leader_wins,white,1040,1090,3,0,0,3,1,1
1200,958434,https://lichess.org/Se1LJDZx,2026-03-10,rapid,1-0,leader_wins,white,1083,1199,3,0,1,5,0,2
1200,949918,https://lichess.org/ncCRpca9,2026-01-17,rapid,0-1,leader_wins,black,1420,1367,2,4,0,2,2,2
1200,963224,https://lichess.org/NRXfp1pe,2023-09-26,rapid,0-1,leader_wins,black,1331,1399,0,0,1,3,1,1
1200,17038,https://lichess.org/8nKcYzSB,2026-04-29,blitz,0-1,leader_wins,black,1178,1092,0,0,0,3,0,1
1200,88296,https://lichess.org/Mh3Yaprt,2025-12-07,classical,0-1,leader_wins,black,987,1153,0,0,0,2,0,1
1200,819809,https://lichess.org/phUmvk00,2026-03-01,rapid,0-1,leader_wins,black,1177,892,1,0,1,2,1,2
1200,919329,https://lichess.org/Ese8kSJr,2025-06-22,classical,1-0,leader_wins,white,1303,1170,1,0,0,0,0,2
1200,712695,https://lichess.org/HDKkEsMW,2026-02-20,blitz,1-0,leader_wins,white,1029,938,1,1,0,3,1,1
1200,140443,https://lichess.org/XSyJHEXX,2024-04-20,blitz,0-1,leader_wins,black,1255,1171,3,1,1,5,1,1
1200,790909,https://lichess.org/olFVJXP0,2026-02-03,classical,1-0,leader_wins,white,1023,1019,1,1,0,1,1,2
1200,738938,https://lichess.org/5eRnMIyG,2026-04-11,blitz,0-1,leader_loses,white,1263,1287,4,0,2,2,2,4
1200,6784,https://lichess.org/f1Vif1RG,2023-07-02,blitz,1-0,leader_wins,white,1289,1312,0,0,0,1,0,1
1200,810810,https://lichess.org/3adhyckp,2025-07-20,rapid,1-0,leader_wins,white,1019,1004,2,0,0,3,0,1
1200,830906,https://lichess.org/mTtDqA2j,2026-03-07,blitz,0-1,leader_loses,white,1543,1181,4,1,0,5,2,1
1200,803710,https://lichess.org/3wA5NlJ6,2026-04-17,rapid,1-0,leader_wins,white,1054,1005,1,1,3,2,2,3
1200,819442,https://lichess.org/HDwaJD9e,2026-02-26,rapid,1-0,leader_wins,white,1063,1112,2,0,0,2,1,1
1200,75481,https://lichess.org/XAtCYxtu,2026-03-11,classical,1-0,leader_wins,white,1103,1094,4,0,0,2,1,2
1200,968887,https://lichess.org/yK9IgFLx,2023-04-07,rapid,1-0,leader_wins,white,1273,1306,0,0,1,0,0,3
1200,839949,https://lichess.org/5yeYjaps,2026-02-19,blitz,1-0,leader_wins,white,1315,1316,3,4,3,7,2,5
1200,791173,https://lichess.org/eU4mOxIi,2025-12-27,classical,0-1,leader_wins,black,1395,1301,2,0,2,2,1,2
1200,725231,https://lichess.org/FyUT2dwO,2025-08-15,blitz,0-1,leader_wins,black,1232,1191,0,0,2,1,4,1
1200,105571,https://lichess.org/Q87ba1nd,2026-03-05,rapid,1-0,leader_wins,white,1019,1014,1,0,0,2,0,1
1200,83752,https://lichess.org/OPr0H1Fr,2025-10-11,classical,1-0,leader_wins,white,715,1204,3,1,4,2,1,5
1200,948840,https://lichess.org/FEbcYLyK,2026-03-23,rapid,0-1,leader_wins,black,1243,1273,3,0,0,2,1,1
1200,780675,https://lichess.org/4RGbMPzj,2025-09-06,classical,1-0,leader_wins,white,1191,1003,1,1,0,4,2,1
1200,7241,https://lichess.org/oCcDbJPh,2026-01-29,blitz,1-0,leader_wins,white,1270,1183,0,2,0,3,2,1
1200,853692,https://lichess.org/COWIgLIG,2026-03-08,blitz,0-1,leader_wins,black,1296,1289,1,0,1,2,2,1
1200,788563,https://lichess.org/9Jri2X1G,2026-03-24,classical,1-0,leader_wins,white,1021,1007,0,1,0,3,1,1
1200,789333,https://lichess.org/vag0NvLY,2026-04-09,classical,0-1,leader_wins,black,1500,1091,2,0,2,3,2,3
1200,88475,https://lichess.org/jXnmSdSz,2025-07-18,classical,1-0,leader_wins,white,1259,1158,1,1,1,5,0,1
1200,811938,https://lichess.org/a3DHSbf4,2025-12-20,rapid,1-0,leader_wins,white,1028,1035,2,2,0,2,3,1
1200,735649,https://lichess.org/85hMIWxG,2025-08-25,blitz,0-1,leader_wins,black,1034,1132,3,1,0,2,1,1
1200,866053,https://lichess.org/Da5KR55x,2026-02-01,blitz,1-0,leader_wins,white,1274,1009,0,0,0,2,2,0
1200,861625,https://lichess.org/i5cbd9Sc,2025-08-04,blitz,0-1,leader_wins,black,1385,1349,1,0,0,2,1,1
1200,79520,https://lichess.org/NyTsTF4a,2024-09-05,classical,1-0,leader_wins,white,1113,1237,0,0,0,4,1,1
1200,823811,https://lichess.org/JuWIdXds,2025-08-28,rapid,1-0,leader_wins,white,1191,1189,2,1,0,1,1,2
1200,89028,https://lichess.org/vingZp0m,2026-03-18,classical,0-1,leader_wins,black,993,1132,1,0,0,0,0,1
1200,114454,https://lichess.org/y3bFryMt,2026-04-21,rapid,1-0,leader_wins,white,1280,1288,1,0,0,1,2,2
1200,246191,https://lichess.org/vecWnusR,2025-10-28,rapid,0-1,leader_wins,black,1273,1246,2,1,1,4,1,2
1200,79722,https://lichess.org/up17HvnL,2023-07-21,classical,1-0,leader_wins,white,1247,1170,3,0,1,2,0,3
1200,81672,https://lichess.org/F8OcozkN,2025-10-19,classical,0-1,leader_wins,black,1259,1259,4,1,1,5,3,2
1200,105611,https://lichess.org/mrHwt32r,2026-02-09,rapid,1-0,leader_wins,white,1064,971,0,0,0,0,0,1
1200,727565,https://lichess.org/g39QbbPM,2026-04-26,blitz,1-0,leader_wins,white,1132,1150,1,2,5,1,2,7
1200,946212,https://lichess.org/QaRPj59M,2025-02-06,rapid,1-0,leader_wins,white,1220,1141,2,0,1,2,0,3
1200,958136,https://lichess.org/G706VpTe,2026-02-09,rapid,1-0,leader_wins,white,1318,1257,0,0,0,2,0,1
1200,95571,https://lichess.org/fPVywFNv,2026-03-12,rapid,0-1,leader_wins,black,1065,1071,1,0,0,0,0,3
1200,702278,https://lichess.org/NtMvx5YR,2026-03-18,blitz,1-0,leader_wins,white,1407,1109,0,0,0,4,1,0
1200,242491,https://lichess.org/piMOj46k,2026-02-21,rapid,1-0,leader_wins,white,1055,1271,0,1,0,2,1,1
1200,783231,https://lichess.org/iRvVWy7x,2026-02-18,classical,0-1,leader_wins,black,1050,1147,1,1,1,2,2,3
1200,810821,https://lichess.org/NB3xcFPO,2025-07-19,rapid,0-1,leader_wins,black,1021,1007,0,1,2,4,0,3
1200,226873,https://lichess.org/E9fekp6S,2024-02-07,classical,1-0,leader_wins,white,1256,1195,1,0,2,1,1,2
1200,226773,https://lichess.org/rnDRjK1y,2024-04-29,classical,1-0,leader_wins,white,1387,1440,2,2,0,4,1,2
1200,86948,https://lichess.org/ePmflTgI,2026-03-28,classical,0-1,leader_wins,black,1024,1169,0,0,1,2,2,1
1200,784116,https://lichess.org/Ftgrp6TI,2026-04-19,classical,0-1,leader_wins,black,1231,1225,2,1,0,3,2,1
1200,90635,https://lichess.org/sZFUEA3f,2025-04-23,classical,0-1,leader_wins,black,1131,1312,7,0,1,10,2,1
1200,866060,https://lichess.org/XvM8XuX0,2026-01-30,blitz,0-1,leader_wins,black,1278,1261,1,1,0,3,0,1
1200,823405,https://lichess.org/GqFQuyIz,2026-03-31,rapid,0-1,leader_wins,black,1122,1116,1,3,0,3,4,3
1200,104104,https://lichess.org/O0HlD3UX,2025-07-05,rapid,1-0,leader_wins,white,1072,1063,2,1,1,2,2,2
1200,842470,https://lichess.org/6lbrEKBI,2026-02-25,blitz,1-0,leader_wins,white,1263,1298,0,0,0,0,1,1
1200,806368,https://lichess.org/k84XIM1r,2026-02-20,rapid,0-1,leader_wins,black,1141,1090,2,0,1,2,0,2
1200,236272,https://lichess.org/9n6zHo8L,2026-02-22,rapid,0-1,leader_wins,black,1083,1064,2,0,0,6,2,1
1200,1018689,https://lichess.org/RaZleEkX,2025-02-01,blitz,1-0,leader_wins,white,1157,862,0,1,0,1,0,3
1200,99511,https://lichess.org/dyZUsAi3,2026-01-30,rapid,0-1,leader_wins,black,1066,1079,2,0,0,3,0,1
1200,959349,https://lichess.org/n4i7XIvW,2026-03-12,rapid,1-0,leader_wins,white,1194,1210,0,0,0,1,0,2
1200,853943,https://lichess.org/BcA0i5Ry,2026-02-18,blitz,1-0,leader_wins,white,1367,1371,3,1,0,4,0,2
1600,414859,https://lichess.org/cpI6e3Ps,2025-10-27,rapid,1-0,leader_wins,white,1577,1505,2,1,2,0,1,5
1600,1230847,https://lichess.org/AA63vTiz,2025-12-26,classical,0-1,leader_wins,black,1742,1781,2,1,0,0,1,1
1600,928310,https://lichess.org/xHTmjn8S,2024-06-23,classical,1-0,leader_wins,white,1521,1460,1,0,0,4,1,0
1600,138594,https://lichess.org/zVKH2G23,2026-03-14,blitz,0-1,leader_wins,black,1532,1560,0,0,0,1,2,0
1600,247349,https://lichess.org/YVvfgm64,2026-04-30,rapid,1-0,leader_wins,white,1622,1521,0,1,0,1,0,2
1600,1072884,https://lichess.org/dgptuV24,2025-09-29,classical,1-0,leader_wins,white,1760,1838,2,0,1,2,0,1
1600,208801,https://lichess.org/fqgL6rq3,2025-10-05,classical,0-1,leader_wins,black,1500,1428,0,0,0,1,0,1
1600,1081818,https://lichess.org/gsnCCRKB,2026-03-18,classical,1-0,leader_wins,white,1637,1501,1,0,2,1,2,2
1600,1079417,https://lichess.org/QCjVu7dB,2026-01-23,classical,1-0,leader_wins,white,1771,1661,1,0,0,3,2,0
1600,940035,https://lichess.org/HZBjYfSq,2026-03-30,classical,0-1,leader_wins,black,1728,1451,4,1,3,3,2,4
1600,214988,https://lichess.org/wqGuW44U,2025-12-13,classical,1-0,leader_wins,white,1519,1565,0,0,1,2,2,1
1600,316690,https://lichess.org/e2iztXBq,2025-01-10,blitz,0-1,leader_wins,black,1458,1491,1,0,0,0,1,1
1600,397326,https://lichess.org/lumJtkIs,2025-10-15,rapid,1-0,leader_wins,white,1703,1688,1,0,1,1,0,2
1600,241664,https://lichess.org/YLupJ7uc,2024-12-25,rapid,0-1,leader_wins,black,1421,1509,1,0,0,1,1,1
1600,972605,https://lichess.org/Gr2M3PEp,2026-01-27,rapid,1-0,leader_wins,white,1562,1555,2,0,0,1,0,1
1600,418637,https://lichess.org/Gy6jqygc,2026-01-03,rapid,1-0,leader_wins,white,1696,1769,1,0,0,0,0,1
1600,1119071,https://lichess.org/xnfMCNqk,2025-07-16,rapid,1-0,leader_wins,white,1633,1737,2,2,2,3,3,4
1600,400361,https://lichess.org/h2wasYkD,2025-03-14,rapid,0-1,leader_wins,black,1535,1607,0,0,0,2,1,2
1600,247718,https://lichess.org/3ulL5Hmw,2026-01-23,rapid,0-1,leader_wins,black,1441,1054,1,0,0,1,1,1
1600,920674,https://lichess.org/g4LfGxtz,2025-04-26,classical,1-0,leader_wins,white,1642,1615,2,2,0,5,0,3
1600,282492,https://lichess.org/l7YaBATT,2024-06-09,blitz,1-0,leader_wins,white,1577,1514,0,0,0,2,2,1
1600,376730,https://lichess.org/1U3gBuuD,2025-09-04,classical,1-0,leader_wins,white,1723,1759,3,0,0,3,3,0
1600,1265142,https://lichess.org/xWyEa7U8,2025-09-23,rapid,0-1,leader_wins,black,1662,1626,0,0,0,0,1,1
1600,366096,https://lichess.org/aYwXLfka,2024-11-19,classical,1-0,leader_wins,white,1775,1787,2,0,0,3,1,1
1600,1123066,https://lichess.org/iyCAdEGM,2025-05-27,rapid,1-0,leader_wins,white,1500,1741,2,0,2,4,0,3
1600,922371,https://lichess.org/6wKyUVQb,2023-04-26,classical,0-1,leader_wins,black,1986,1408,0,0,0,2,0,1
1600,415500,https://lichess.org/551EWrOJ,2025-11-12,rapid,1-0,leader_wins,white,1822,1476,2,0,0,1,1,1
1600,382019,https://lichess.org/FS1MCQMB,2025-10-17,classical,1-0,leader_wins,white,1629,1447,2,1,0,2,0,1
1600,229568,https://lichess.org/8CwIJ914,2025-12-14,classical,1-0,leader_wins,white,1685,1590,0,0,0,3,1,0
1600,921017,https://lichess.org/dNGkomMo,2024-03-19,classical,0-1,leader_wins,black,1621,1579,1,0,0,3,1,1
1600,382353,https://lichess.org/sWyjEN3q,2025-07-15,classical,1-0,leader_wins,white,1634,1536,0,0,0,4,1,0
1600,227900,https://lichess.org/N7dvZpoH,2025-04-02,classical,0-1,leader_wins,black,1602,1475,0,0,0,1,0,1
1600,374216,https://lichess.org/hG1vveUr,2025-12-14,classical,0-1,leader_wins,black,1636,1552,0,2,0,2,1,1
1600,1017403,https://lichess.org/6y0PFDDq,2026-04-29,blitz,0-1,leader_wins,black,1824,1798,0,1,0,3,0,2
1600,955992,https://lichess.org/1wRhnz1o,2026-04-04,rapid,0-1,leader_wins,black,1457,1421,2,2,1,2,1,2
1600,255620,https://lichess.org/d4sMLo0S,2026-02-08,rapid,0-1,leader_wins,black,1449,1533,1,0,0,0,0,1
1600,226211,https://lichess.org/6EoTezGK,2025-06-28,classical,0-1,leader_wins,black,1503,1537,0,1,3,4,2,2
1600,965623,https://lichess.org/HVqi6b2G,2025-06-25,rapid,1-0,leader_wins,white,1433,1431,0,0,1,2,0,1
1600,244236,https://lichess.org/yBwDMBKh,2026-01-17,rapid,0-1,leader_wins,black,1464,1451,3,1,0,7,1,1
1600,387113,https://lichess.org/gCHCtlkZ,2024-08-11,classical,1-0,leader_wins,white,1758,1678,0,0,2,3,1,1
1600,863837,https://lichess.org/sGF1qDuf,2026-03-15,blitz,1-0,leader_wins,white,1442,1459,1,0,0,1,0,1
1600,263379,https://lichess.org/5fzBpKbk,2025-12-14,rapid,1-0,leader_wins,white,1417,1556,2,0,0,3,0,1
1600,259753,https://lichess.org/0uTE9BQL,2026-04-10,rapid,1-0,leader_wins,white,1415,1463,0,0,3,1,1,3
1600,938863,https://lichess.org/SXtvPJ6z,2025-02-12,classical,0-1,leader_wins,black,1709,1644,0,0,0,1,0,1
1600,417608,https://lichess.org/bsOOeAyi,2024-11-22,rapid,1-0,leader_wins,white,1482,1411,2,1,0,4,2,1
1600,126921,https://lichess.org/fhjmsk22,2026-02-13,blitz,0-1,leader_wins,black,1451,1468,3,1,0,3,3,1
1600,843183,https://lichess.org/1uWHPyce,2026-04-17,blitz,0-1,leader_loses,white,1552,1502,1,0,0,0,0,1
1600,1119049,https://lichess.org/aqC5p4BU,2025-07-21,rapid,0-1,leader_wins,black,1738,1671,0,0,0,2,0,1
1600,229301,https://lichess.org/HfDRSyGh,2026-01-25,classical,0-1,leader_wins,black,1822,1553,0,0,1,1,1,2
1600,1101129,https://lichess.org/UxxtfmPB,2026-03-20,rapid,1-0,leader_wins,white,1739,1804,2,0,3,1,2,3
1600,923847,https://lichess.org/UgkPwJ3H,2025-12-12,classical,1-0,leader_wins,white,1527,1546,2,1,0,1,2,1
1600,277736,https://lichess.org/FOlOuEGg,2025-09-30,blitz,0-1,leader_wins,black,1679,1668,2,1,0,2,2,1
1600,1255107,https://lichess.org/82Om8i0T,2025-01-09,rapid,1-0,leader_wins,white,1753,1780,3,0,1,4,2,1
1600,1110674,https://lichess.org/cFXeRd2r,2026-02-17,rapid,1-0,leader_wins,white,1779,1789,1,0,0,1,0,1
1600,1113987,https://lichess.org/pjNtehIn,2024-06-18,rapid,1-0,leader_wins,white,1498,1524,0,0,0,1,1,2
1600,241576,https://lichess.org/0qfvIAmk,2025-02-01,rapid,1-0,leader_wins,white,1518,1477,0,0,0,3,0,0
1600,1019884,https://lichess.org/WShfHYMi,2026-02-14,blitz,1-0,leader_wins,white,1678,1616,1,0,1,3,4,0
1600,954680,https://lichess.org/KxeaemPA,2025-11-16,rapid,1-0,leader_wins,white,1512,1495,0,0,2,1,2,2
1600,1079406,https://lichess.org/bN7mkWno,2026-02-26,classical,0-1,leader_wins,black,1787,1692,2,0,0,3,2,0
1600,368070,https://lichess.org/OIsODGY0,2026-03-10,classical,0-1,leader_wins,black,1721,1302,2,0,0,4,3,1
1600,961468,https://lichess.org/9sNDEFtO,2026-03-09,rapid,0-1,leader_wins,black,1500,642,1,1,0,5,4,0
1600,938573,https://lichess.org/aShiBzb9,2026-04-05,classical,1-0,leader_wins,white,1589,1672,2,3,1,4,0,3
1600,1270657,https://lichess.org/4awCBbYE,2024-02-03,rapid,0-1,leader_wins,black,1795,1826,0,1,1,3,1,2
1600,1073023,https://lichess.org/saw3AY1U,2025-04-01,classical,0-1,leader_wins,black,1799,1829,2,0,0,2,1,1
1600,229366,https://lichess.org/4aGYsvLJ,2026-01-16,classical,0-1,leader_wins,black,1617,1562,2,1,1,2,0,2
1600,214864,https://lichess.org/ydq3Wd2M,2026-01-18,classical,1-0,leader_wins,white,1508,1482,2,0,0,0,2,1
1600,932761,https://lichess.org/DT8ekhQ0,2024-11-12,classical,1-0,leader_wins,white,1601,1532,4,0,0,3,1,1
1600,934060,https://lichess.org/Rz9D72om,2026-02-02,classical,0-1,leader_wins,black,1441,1500,3,0,0,4,0,1
1600,926050,https://lichess.org/ArfLKoi2,2025-11-07,classical,0-1,leader_wins,black,1556,1455,1,1,0,3,1,1
1600,224013,https://lichess.org/T6m5RqI5,2026-03-24,classical,1-0,leader_wins,white,1574,1500,2,0,0,3,1,1
1600,403138,https://lichess.org/wCwhy9HV,2026-04-11,rapid,1-0,leader_wins,white,1630,1617,2,1,2,8,0,3
1600,422259,https://lichess.org/Nsjw3j1H,2026-04-02,rapid,0-1,leader_wins,black,1716,1720,1,1,1,5,3,1
1600,1019944,https://lichess.org/IRQZAcom,2026-01-18,blitz,0-1,leader_wins,black,1685,1692,0,1,0,4,2,1
1600,1113508,https://lichess.org/DGzAnu1H,2024-10-11,rapid,1-0,leader_wins,white,1726,1657,0,0,0,2,0,1
1600,1084153,https://lichess.org/w8L0JUUn,2026-01-20,classical,0-1,leader_wins,black,1766,1833,2,1,1,1,1,3
1600,376975,https://lichess.org/hnfik80w,2024-11-23,classical,0-1,leader_wins,black,1939,1721,0,0,0,2,3,0
1600,416743,https://lichess.org/5YWKV1zB,2026-01-02,rapid,1-0,leader_wins,white,1750,1674,1,0,0,8,0,1
1600,1072209,https://lichess.org/e4iR4ato,2026-02-06,classical,0-1,leader_wins,black,1569,1554,1,1,0,3,4,0
1600,859067,https://lichess.org/IOOsYCn0,2025-12-17,blitz,0-1,leader_wins,black,1414,1400,0,0,1,2,0,2
1600,417797,https://lichess.org/GBvZnYmk,2024-08-13,rapid,1-0,leader_wins,white,1365,1428,1,1,3,5,1,3
1600,404428,https://lichess.org/L7RwDShP,2026-03-25,rapid,0-1,leader_wins,black,1737,1714,2,0,0,4,1,1
1600,386999,https://lichess.org/TXNw3vGu,2025-08-31,classical,0-1,leader_wins,black,1694,1547,0,0,0,2,1,1
1600,290226,https://lichess.org/siXTLCy8,2026-02-28,blitz,1-0,leader_wins,white,1475,1446,2,2,1,4,2,4
1600,837617,https://lichess.org/r5x3skjS,2026-01-16,blitz,0-1,leader_wins,black,1307,1426,0,0,1,1,1,2
1600,1113953,https://lichess.org/RTaNu2WY,2024-07-04,rapid,1-0,leader_wins,white,1519,2163,2,1,1,3,0,2
1600,210519,https://lichess.org/tPBmdR7m,2026-03-31,classical,1-0,leader_wins,white,1484,1519,1,0,1,1,2,1
1600,387189,https://lichess.org/8jMl90gz,2024-01-26,classical,1-0,leader_wins,white,1720,1334,1,1,2,3,1,3
1600,921954,https://lichess.org/0CjqhKAk,2026-01-05,classical,1-0,leader_wins,white,1464,1451,3,1,1,4,1,2
1600,1070694,https://lichess.org/Gh1liEeh,2025-11-01,classical,0-1,leader_wins,black,1656,1694,4,1,2,1,2,4
1600,422288,https://lichess.org/xt9nHO3e,2026-02-10,rapid,1-0,leader_wins,white,1715,1740,5,0,0,6,1,0
1600,374141,https://lichess.org/QCCDqie9,2026-03-23,classical,0-1,leader_wins,black,1672,1585,2,2,0,2,0,2
1600,923352,https://lichess.org/nPPVCPNN,2026-03-03,classical,0-1,leader_wins,black,1587,1500,1,2,2,1,1,3
1600,216441,https://lichess.org/q9ghBG54,2026-03-05,classical,1-0,leader_wins,white,1735,1593,1,1,1,4,1,1
1600,856926,https://lichess.org/SB3TwNBO,2023-12-02,blitz,1-0,leader_wins,white,1483,1417,2,1,0,2,1,2
1600,382259,https://lichess.org/6ppv2b29,2025-08-14,classical,0-1,leader_wins,black,1644,1258,0,0,1,2,3,1
1600,232304,https://lichess.org/gDJiVJyk,2025-07-18,classical,1-0,leader_wins,white,1692,1549,0,1,0,2,0,1
1600,939932,https://lichess.org/NFJPEVff,2025-12-30,classical,1-0,leader_wins,white,1741,1419,0,3,0,2,5,0
1600,961835,https://lichess.org/ZqkxXUXQ,2026-02-05,rapid,0-1,leader_wins,black,1500,1307,0,0,0,4,0,0
1600,404474,https://lichess.org/VdiPZT95,2026-03-06,rapid,0-1,leader_wins,black,1853,1724,0,0,0,4,1,0
1600,268893,https://lichess.org/HXzsStI4,2026-01-14,rapid,0-1,leader_wins,black,1488,1407,0,0,1,2,0,2
2000,1114553,https://lichess.org/cLZLJsrn,2025-06-24,rapid,1-0,leader_wins,white,1946,1800,0,1,0,1,3,1
2000,557165,https://lichess.org/qIfjaF6k,2025-06-26,rapid,0-1,leader_wins,black,1979,2010,3,0,0,3,1,1
2000,1252997,https://lichess.org/cGQ95yJg,2026-03-29,rapid,0-1,leader_wins,black,2013,1984,1,0,0,2,1,0
2000,384009,https://lichess.org/ogPAz5pz,2025-08-19,classical,1-0,leader_wins,white,1838,1595,0,0,0,2,1,1
2000,1068867,https://lichess.org/QeiY1wmk,2026-01-29,classical,0-1,leader_wins,black,1900,1803,2,0,0,1,1,1
2000,1218961,https://lichess.org/jXIpsXCs,2025-09-16,classical,0-1,leader_wins,black,1848,1623,0,0,2,0,0,3
2000,1273414,https://lichess.org/gWK6lFMc,2025-08-08,rapid,1-0,leader_wins,white,2118,2141,1,0,1,4,0,1
2000,1149422,https://lichess.org/asmzjIdd,2026-03-07,blitz,0-1,leader_wins,black,2076,2021,0,0,1,1,3,1
2000,1125885,https://lichess.org/CbYGbbG5,2023-10-31,rapid,1-0,leader_wins,white,1917,1899,0,0,0,2,1,1
2000,976091,https://lichess.org/Im8cO9Iq,2026-02-01,blitz,0-1,leader_wins,black,1877,1906,1,0,0,3,1,1
2000,569791,https://lichess.org/Mqr8KB9f,2026-03-12,rapid,0-1,leader_wins,black,1907,2039,0,0,0,0,0,1
2000,1119426,https://lichess.org/vshu83UV,2024-12-07,rapid,1-0,leader_wins,white,2264,1865,0,1,0,2,1,1
2000,550290,https://lichess.org/Y3u8EEet,2026-01-07,rapid,0-1,leader_wins,black,2044,2146,0,0,0,1,2,0
2000,537776,https://lichess.org/7Wx1B74s,2025-03-20,rapid,1-0,leader_wins,white,1986,1960,2,1,0,2,3,1
2000,522174,https://lichess.org/czCoxMk6,2025-12-10,classical,0-1,leader_wins,black,1924,1969,0,0,0,0,0,1
2000,568777,https://lichess.org/bRqL64PW,2026-03-28,rapid,1-0,leader_wins,white,2115,2103,1,1,0,2,3,1
2000,1243137,https://lichess.org/bXucXka1,2026-01-21,rapid,0-1,leader_loses,white,1977,1031,3,1,0,7,0,2
2000,547500,https://lichess.org/57MjAK5E,2025-10-21,rapid,1-0,leader_wins,white,2117,1865,2,0,0,7,1,0
2000,565524,https://lichess.org/bY8LxIIs,2026-04-03,rapid,1-0,leader_wins,white,2045,1981,2,0,0,2,4,1
2000,573200,https://lichess.org/4Dmz47T5,2025-03-14,rapid,0-1,leader_wins,black,2057,2036,3,1,0,3,2,1
2000,1234286,https://lichess.org/o3HI7Mli,2025-08-20,classical,1-0,leader_wins,white,2080,1998,0,0,0,3,0,0
2000,1138133,https://lichess.org/TUyhqBjs,2026-04-07,blitz,0-1,leader_wins,black,2029,2004,3,0,1,3,3,2
2000,1068903,https://lichess.org/CbH3yHLQ,2025-11-29,classical,1-0,leader_wins,white,1622,1802,0,0,0,0,0,2
2000,433370,https://lichess.org/ZY0i88l7,2026-04-28,blitz,1-0,leader_wins,white,1993,2021,0,0,0,2,0,1
2000,1277281,https://lichess.org/jwxdvPlS,2025-04-01,rapid,1-0,leader_wins,white,2106,2016,3,0,1,1,2,2
2000,1265356,https://lichess.org/GoHczDsn,2025-08-17,rapid,0-1,leader_wins,black,2036,1943,1,0,0,3,1,1
2000,989674,https://lichess.org/H4TLoa9A,2026-04-24,blitz,0-1,leader_wins,black,1924,1932,4,0,0,6,4,0
2000,990427,https://lichess.org/QdNOJeYL,2026-04-04,blitz,1-0,leader_wins,white,1917,1939,2,2,0,0,2,1
2000,1068802,https://lichess.org/dtBmqVuG,2026-02-15,classical,0-1,leader_wins,black,1865,1858,0,0,0,1,1,0
2000,527914,https://lichess.org/RL7Ey6EG,2023-05-19,classical,1-0,leader_wins,white,2022,1712,0,0,0,1,0,1
2000,696118,https://lichess.org/FQEwB2aS,2025-07-07,rapid,1-0,leader_wins,white,2177,2198,1,0,0,0,0,1
2000,1240266,https://lichess.org/WB5HSu0L,2026-01-05,classical,1-0,leader_wins,white,2120,2053,0,0,0,3,0,0
2000,402730,https://lichess.org/f6KA4RFm,2024-07-31,rapid,0-1,leader_wins,black,1845,1864,2,1,0,3,2,1
2000,1081058,https://lichess.org/GjbbxG0G,2026-01-15,classical,1-0,leader_wins,white,1853,1875,0,0,0,2,1,0
2000,1113380,https://lichess.org/AU39uPUh,2025-02-06,rapid,1-0,leader_wins,white,1872,1805,0,1,1,1,1,1
2000,383261,https://lichess.org/dgloy6pp,2025-08-31,classical,1-0,leader_wins,white,1898,1828,2,0,1,1,1,2
2000,291963,https://lichess.org/7ySx4zM7,2026-04-28,blitz,0-1,leader_wins,black,1896,1881,4,4,1,7,2,4
2000,521878,https://lichess.org/Vlr5bmWp,2023-04-10,classical,0-1,leader_wins,black,1971,1993,0,1,0,2,0,1
2000,1237551,https://lichess.org/Ix4iefKj,2026-04-05,classical,1-0,leader_wins,white,2044,1963,0,0,0,2,0,0
2000,566011,https://lichess.org/6R7Rs8bL,2025-10-31,rapid,1-0,leader_wins,white,1969,2035,1,1,0,3,0,1
2000,519718,https://lichess.org/gVkx1v0V,2024-10-15,classical,1-0,leader_wins,white,2102,2027,1,0,0,4,2,1
2000,560260,https://lichess.org/iFmEDBog,2025-10-14,rapid,0-1,leader_wins,black,2053,1857,2,1,0,9,1,0
2000,1267904,https://lichess.org/vWduUHmV,2025-11-20,rapid,0-1,leader_wins,black,2073,2111,1,2,1,2,3,2
2000,1221035,https://lichess.org/9vMvcGaj,2026-03-20,classical,1-0,leader_wins,white,1848,2021,3,0,0,7,1,0
2000,1119446,https://lichess.org/wwpPAWPd,2024-12-01,rapid,1-0,leader_wins,white,1897,1835,2,0,0,4,1,2
2000,1256105,https://lichess.org/ZJQBAacZ,2025-08-07,rapid,1-0,leader_wins,white,2029,2047,2,0,0,5,2,0
2000,1127025,https://lichess.org/sPOWSWDN,2024-09-04,rapid,1-0,leader_wins,white,1858,1910,2,0,0,1,0,2
2000,1226384,https://lichess.org/no5eDtx5,2026-01-10,classical,1-0,leader_wins,white,2073,2145,0,0,0,5,0,0
2000,520719,https://lichess.org/wZUcpjRe,2023-05-20,classical,1-0,leader_wins,white,1932,1914,1,0,0,1,2,0
2000,1221350,https://lichess.org/2PnFHs1c,2025-04-28,classical,1-0,leader_wins,white,2230,2054,2,0,0,1,0,3
2000,566818,https://lichess.org/TuGz0YW6,2025-11-29,rapid,1-0,leader_wins,white,2066,2040,0,0,0,0,0,3
2000,310436,https://lichess.org/tYaZktzB,2026-03-05,blitz,1-0,leader_wins,white,1911,1884,1,1,0,0,1,1
2000,450679,https://lichess.org/bQJk4Eat,2026-02-17,blitz,0-1,leader_wins,black,2112,2144,1,0,0,2,0,1
2000,1262730,https://lichess.org/WCW3Bd4p,2026-01-26,rapid,0-1,leader_wins,black,2096,2116,0,0,2,2,1,3
2000,366152,https://lichess.org/1QQvVVRr,2024-02-17,classical,1-0,leader_wins,white,1924,1827,0,1,0,2,1,1
2000,1228480,https://lichess.org/kWUriqck,2024-11-17,classical,0-1,leader_wins,black,1915,1951,4,5,0,3,3,3
2000,1068764,https://lichess.org/jk5h35iN,2026-03-23,classical,1-0,leader_wins,white,1885,1974,0,0,0,3,2,0
2000,1081226,https://lichess.org/wWx9tueX,2025-11-24,classical,0-1,leader_wins,black,1413,1881,4,1,0,3,3,1
2000,1130179,https://lichess.org/mk0mgNIT,2025-12-28,blitz,1-0,leader_wins,white,2429,2091,0,0,0,0,1,1
2000,1259235,https://lichess.org/iFKLiDq6,2025-11-26,rapid,1-0,leader_wins,white,1961,1951,5,2,0,6,1,2
2000,308654,https://lichess.org/NNUOVt2T,2026-03-22,blitz,1-0,leader_wins,white,1805,1793,1,0,0,6,0,0
2000,1137493,https://lichess.org/koFhTrP2,2025-11-27,blitz,1-0,leader_wins,white,1960,1940,1,1,0,2,3,1
2000,441126,https://lichess.org/82qvdmGU,2026-01-04,blitz,1-0,leader_wins,white,2116,1481,0,0,0,2,0,2
2000,696505,https://lichess.org/T0tjKqSX,2024-10-18,rapid,0-1,leader_wins,black,2059,2059,2,1,4,4,0,6
2000,1255822,https://lichess.org/ERWmQbpT,2025-10-31,rapid,0-1,leader_wins,black,2010,1977,1,0,0,0,3,1
2000,1263890,https://lichess.org/ILluir4e,2026-03-27,rapid,1-0,leader_wins,white,2183,2070,1,0,0,5,0,0
2000,1237223,https://lichess.org/rrMOIpQf,2025-06-24,classical,0-1,leader_wins,black,2001,2007,1,0,0,1,0,1
2000,1232183,https://lichess.org/OA4FJq09,2024-08-27,classical,1-0,leader_wins,white,2063,1702,0,0,0,2,1,0
2000,1086725,https://lichess.org/2sEBwVFH,2024-03-26,classical,0-1,leader_wins,black,1834,1843,1,1,1,2,1,1
2000,1232229,https://lichess.org/vvijtEYK,2024-06-15,classical,0-1,leader_wins,black,2105,1410,0,0,0,4,0,0
2000,530864,https://lichess.org/1aTuB9S2,2025-10-04,classical,1-0,leader_wins,white,2222,2025,0,0,0,0,2,1
2000,1228631,https://lichess.org/zVLT4ZJL,2024-07-19,classical,1-0,leader_wins,white,1971,1831,0,0,0,1,2,0
2000,524005,https://lichess.org/eprKFTMG,2024-04-25,classical,1-0,leader_wins,white,1951,1955,1,0,0,2,0,1
2000,1104049,https://lichess.org/vL4d5Y04,2026-02-07,rapid,1-0,leader_wins,white,1795,1915,2,0,1,3,1,1
2000,1237207,https://lichess.org/xo09FDYA,2025-06-28,classical,0-1,leader_wins,black,1988,1887,0,0,1,1,2,1
2000,1261703,https://lichess.org/uSMpRN4r,2026-02-04,rapid,0-1,leader_wins,black,2006,1974,0,0,0,1,1,1
2000,385630,https://lichess.org/LhNMsWRd,2025-07-11,classical,0-1,leader_wins,black,1877,1860,0,0,0,0,0,1
2000,1254653,https://lichess.org/kQ6Sah6d,2025-07-29,rapid,1-0,leader_wins,white,2002,2062,1,2,0,3,2,0
2000,520621,https://lichess.org/M6xpb61q,2023-08-14,classical,1-0,leader_wins,white,2060,2006,0,0,0,5,0,0
2000,1268536,https://lichess.org/TwgdIbbQ,2025-12-24,rapid,1-0,leader_wins,white,2081,2125,1,0,0,2,1,0
2000,539525,https://lichess.org/egaBbQQH,2025-12-21,rapid,0-1,leader_wins,black,2106,2098,0,1,0,1,1,1
2000,546959,https://lichess.org/hj04FM3Q,2026-03-13,rapid,0-1,leader_wins,black,2240,2081,1,0,0,1,1,1
2000,548574,https://lichess.org/EfvY1ncs,2025-08-29,rapid,1-0,leader_wins,white,1782,1806,0,0,1,2,0,2
2000,446281,https://lichess.org/TqUbpkQi,2026-03-02,blitz,1-0,leader_wins,white,2023,1988,3,0,0,6,2,0
2000,1224116,https://lichess.org/Ctq3IX9Y,2024-11-06,classical,1-0,leader_loses,black,2025,1908,1,1,0,5,0,0
2000,370992,https://lichess.org/d046896v,2023-05-23,classical,0-1,leader_wins,black,1895,1805,0,0,0,1,1,0
2000,1267970,https://lichess.org/nBKv4Smc,2025-10-17,rapid,1-0,leader_wins,white,2071,2065,1,0,4,7,0,2
2000,412980,https://lichess.org/VLvermk2,2026-02-20,rapid,0-1,leader_wins,black,1930,1890,1,0,0,3,3,0
2000,310499,https://lichess.org/HY7SQUqa,2026-03-01,blitz,1-0,leader_wins,white,1839,1322,0,0,0,1,0,1
2000,410510,https://lichess.org/pKZWZtmO,2024-03-18,rapid,1-0,leader_wins,white,2062,1959,1,0,0,2,1,1
2000,272596,https://lichess.org/0Qt1CGJ8,2026-01-22,blitz,0-1,leader_wins,black,2080,1958,1,0,0,4,2,0
2000,1074060,https://lichess.org/uBnlStBm,2023-04-24,classical,1-0,leader_wins,white,1991,1838,2,1,0,2,1,2
2000,560141,https://lichess.org/LlPeZYRH,2023-06-11,rapid,0-1,leader_wins,black,2118,1901,1,1,0,2,2,1
2000,1225009,https://lichess.org/6twlnweu,2025-05-24,classical,0-1,leader_wins,black,1875,1891,1,0,0,1,0,1
2000,395024,https://lichess.org/3SIoGJDN,2025-09-10,rapid,1-0,leader_wins,white,1846,1777,2,1,0,7,1,0
2000,1267089,https://lichess.org/OUPu7N9q,2026-03-21,rapid,1-0,leader_wins,white,2036,2050,0,0,0,2,0,1
2000,550241,https://lichess.org/YDXB688d,2026-01-13,rapid,1-0,leader_wins,white,2165,2165,1,0,0,3,2,0
2000,1268820,https://lichess.org/LjVOJ3zP,2025-06-21,rapid,1-0,leader_wins,white,2061,1982,2,3,0,3,3,2
2000,1233758,https://lichess.org/qB44Ow6F,2025-11-26,classical,1-0,leader_wins,white,2062,1897,0,0,0,3,0,2
2000,1270598,https://lichess.org/QpdYjB5e,2024-04-15,rapid,1-0,leader_wins,white,1943,1956,4,0,0,2,2,0
2400,1236336,https://lichess.org/P2fj2P6Q,2025-12-21,classical,0-1,leader_wins,black,2361,1630,1,1,1,2,3,1
2400,1383490,https://lichess.org/4O65Z7XM,2026-02-26,rapid,1-0,leader_wins,white,2348,2430,0,0,0,5,0,0
2400,576348,https://lichess.org/Zc82iaDy,2025-12-14,blitz,1-0,leader_wins,white,2376,2446,0,0,0,0,1,0
2400,1388241,https://lichess.org/xjI9O2Yl,2026-02-04,rapid,0-1,leader_wins,black,2397,2359,0,0,0,5,1,0
2400,1294347,https://lichess.org/tgtQ8VcJ,2026-01-16,blitz,1-0,leader_wins,white,2493,2507,0,0,0,0,0,1
2400,694087,https://lichess.org/tm6P458V,2025-09-09,rapid,1-0,leader_wins,white,2461,2388,0,0,0,2,1,1
2400,1307885,https://lichess.org/5ZrqTjpZ,2026-03-13,blitz,0-1,leader_wins,black,2400,2419,0,0,0,4,0,0
2400,1388018,https://lichess.org/j0p0cFt9,2026-02-16,rapid,0-1,leader_wins,black,2401,2434,1,0,1,2,3,1
2400,1283249,https://lichess.org/LO6aVTg3,2026-02-20,blitz,1-0,leader_wins,white,2480,2371,2,0,0,7,1,0
2400,607128,https://lichess.org/tljZ9cSJ,2026-04-04,blitz,1-0,leader_wins,white,2470,2300,3,0,0,6,1,2
2400,684689,https://lichess.org/4kfEOCN2,2026-04-13,rapid,0-1,leader_wins,black,2583,2431,1,0,0,4,0,1
2400,683621,https://lichess.org/iUJ1eC3B,2026-04-16,rapid,1-0,leader_wins,white,2393,2353,1,0,0,0,0,2
2400,555775,https://lichess.org/dS975EYD,2026-01-17,rapid,0-1,leader_wins,black,2277,2260,2,0,0,1,2,1
2400,1375673,https://lichess.org/Do9Bs7Ml,2026-02-21,rapid,1-0,leader_wins,white,2320,2261,0,0,0,0,2,0
2400,559074,https://lichess.org/Dbk5RIvp,2026-03-03,rapid,1-0,leader_wins,white,2176,2201,1,0,0,1,1,1
2400,1293547,https://lichess.org/ZIFioDYw,2026-02-03,blitz,1-0,leader_wins,white,2320,2295,0,0,0,1,0,1
2400,584215,https://lichess.org/u8auaLB7,2026-01-25,blitz,1-0,leader_wins,white,2412,2474,3,0,0,2,4,0
2400,1310032,https://lichess.org/KJX5XQqa,2026-02-04,blitz,1-0,leader_wins,white,2584,2586,2,1,1,2,1,3
2400,1383753,https://lichess.org/pHZsjR2P,2025-08-13,rapid,0-1,leader_wins,black,2375,2286,4,0,0,1,2,2
2400,699236,https://lichess.org/s6KF819a,2025-10-31,rapid,1-0,leader_wins,white,2490,2483,0,0,0,2,0,1
2400,605266,https://lichess.org/B4Fvq5AF,2025-12-22,blitz,0-1,leader_wins,black,2508,2394,0,0,0,3,0,1
2400,1266435,https://lichess.org/s9vlR0o2,2025-09-20,rapid,0-1,leader_wins,black,2283,2297,2,1,0,0,0,1
2400,1294240,https://lichess.org/LtzmJ61b,2026-04-02,blitz,0-1,leader_wins,black,2463,2498,0,0,1,2,1,1
2400,1370044,https://lichess.org/HMMjw3m2,2025-12-17,rapid,0-1,leader_wins,black,2518,2352,0,0,0,1,0,1
2400,1392506,https://lichess.org/tQ7D0MhE,2025-11-05,rapid,1-0,leader_wins,white,2449,2299,0,0,0,1,2,0
2400,693949,https://lichess.org/VTlpVShV,2025-10-11,rapid,1-0,leader_wins,white,2354,2414,1,0,0,1,0,1
2400,700842,https://lichess.org/HbMjFbkj,2026-03-15,rapid,1-0,leader_wins,white,2472,2466,2,0,0,3,3,0
2400,1127738,https://lichess.org/LFooHKLP,2026-04-29,blitz,0-1,leader_wins,black,2245,2174,2,0,0,1,2,1
2400,590576,https://lichess.org/u0xyD7fy,2025-11-07,blitz,0-1,leader_wins,black,2579,2541,1,0,0,5,0,1
2400,1307971,https://lichess.org/H454LPdP,2026-02-21,blitz,1-0,leader_wins,white,2334,2456,2,1,0,3,0,3
2400,1374537,https://lichess.org/Mt94R3a1,2025-05-10,rapid,1-0,leader_wins,white,2471,2279,0,0,0,3,0,1
2400,1321381,https://lichess.org/pC8ML5J9,2026-03-05,blitz,1-0,leader_wins,white,2638,2586,0,1,1,1,4,1
2400,1300777,https://lichess.org/b0n491ca,2026-04-11,blitz,1-0,leader_wins,white,2493,2499,0,1,0,3,1,1
2400,682870,https://lichess.org/uI7QTb77,2024-09-23,rapid,1-0,leader_wins,white,2444,2064,1,0,0,4,1,1
2400,1384804,https://lichess.org/BHpLZPJV,2025-01-06,rapid,0-1,leader_wins,black,2473,2313,1,0,0,1,0,1
2400,610768,https://lichess.org/pMqxBEwY,2026-02-24,blitz,0-1,leader_wins,black,2627,2490,0,0,0,2,1,0
2400,1291860,https://lichess.org/zaXhnU9j,2026-03-10,blitz,1-0,leader_wins,white,2401,2345,1,0,0,2,0,1
2400,1301230,https://lichess.org/LDCt5Y3v,2025-11-24,blitz,1-0,leader_wins,white,2546,2696,1,0,0,4,0,1
2400,683173,https://lichess.org/Ye8rUS4c,2024-01-30,rapid,1-0,leader_wins,white,2412,2202,0,0,0,2,1,1
2400,1140105,https://lichess.org/O3FhyR96,2026-03-07,blitz,1-0,leader_wins,white,2287,2307,1,0,0,3,1,0
2400,1288287,https://lichess.org/qhsBCNm0,2026-03-28,blitz,1-0,leader_wins,white,2292,2384,3,0,0,9,0,1
2400,680694,https://lichess.org/KQ8hMRWt,2025-06-12,rapid,1-0,leader_wins,white,2461,2045,4,0,0,1,2,1
2400,1293990,https://lichess.org/tZeYqzxa,2025-10-16,blitz,1-0,leader_wins,white,2371,2284,2,0,0,2,2,0
2400,700114,https://lichess.org/fcaNo7Cs,2024-01-24,rapid,0-1,leader_wins,black,2555,2306,0,0,0,2,1,0
2400,1153441,https://lichess.org/QsoZTfx8,2026-03-10,blitz,0-1,leader_wins,black,2284,2246,0,1,1,4,0,2
2400,1376359,https://lichess.org/sai4GCOu,2025-10-27,rapid,1-0,leader_wins,white,2557,2485,0,0,0,2,1,0
2400,683981,https://lichess.org/C4sokCuq,2025-11-09,rapid,0-1,leader_wins,black,2408,2371,3,0,0,4,2,1
2400,1392268,https://lichess.org/njkRPd9t,2026-01-16,rapid,0-1,leader_wins,black,2493,2317,1,1,0,3,3,0
2400,612756,https://lichess.org/XF0rqZXY,2025-11-29,blitz,1-0,leader_loses,black,2204,2290,1,2,0,6,3,0
2400,1371751,https://lichess.org/tjH3ydqd,2026-03-17,rapid,0-1,leader_wins,black,2458,2472,0,0,0,2,0,1
2400,695167,https://lichess.org/KASSaqmU,2026-02-03,rapid,1-0,leader_wins,white,2637,2518,1,0,0,0,0,1
2400,537345,https://lichess.org/VaQdgoei,2026-03-14,rapid,1-0,leader_wins,white,2404,2327,1,0,0,2,1,1
2400,678730,https://lichess.org/sdYKsreP,2024-12-11,rapid,1/2-1/2,draw,black,2373,1066,2,0,0,2,3,1
2400,1244642,https://lichess.org/Ctk2wSyM,2024-10-23,rapid,1-0,leader_wins,white,2255,2102,0,1,0,0,1,1
2400,582305,https://lichess.org/OZuQ2MM2,2026-01-25,blitz,0-1,leader_wins,black,2583,2138,3,0,1,6,0,2
2400,1388931,https://lichess.org/t8bqtxiu,2025-06-24,rapid,0-1,leader_wins,black,2580,2396,0,0,0,2,1,0
2400,1292170,https://lichess.org/NFus928x,2026-02-08,blitz,1-0,leader_wins,white,2493,2579,2,1,1,5,3,1
2400,1161564,https://lichess.org/Ewn77CoO,2025-08-30,blitz,1-0,leader_wins,white,2255,2213,3,0,1,4,3,1
2400,675383,https://lichess.org/1DhKrGEI,2025-06-08,rapid,1-0,leader_wins,white,2468,2344,0,0,0,1,0,1
2400,1291379,https://lichess.org/6T0KCoJY,2026-04-28,blitz,0-1,leader_wins,black,2403,2378,0,0,0,5,2,0
2400,1372883,https://lichess.org/ndjPBkr9,2026-01-26,rapid,1-0,leader_wins,white,2474,2339,0,1,0,1,0,2
2400,586080,https://lichess.org/CZuU10eY,2026-02-21,blitz,0-1,leader_wins,black,2575,2393,1,0,0,5,0,0
2400,1372784,https://lichess.org/AC2ZTa0l,2026-02-11,rapid,1-0,leader_wins,white,2369,2452,1,0,0,2,0,0
2400,677533,https://lichess.org/erwLUZag,2025-06-07,rapid,0-1,leader_wins,black,2554,1509,0,0,0,0,0,1
2400,691991,https://lichess.org/qhrqw4fA,2025-09-18,rapid,1-0,leader_wins,white,2560,2425,3,0,0,1,3,0
2400,697458,https://lichess.org/ZVw4EKzr,2025-12-31,rapid,1-0,leader_wins,white,2429,2498,1,0,0,0,0,2
2400,685133,https://lichess.org/o0zrp5fd,2024-10-21,rapid,1-0,leader_wins,white,2539,2420,0,0,0,1,0,1
2400,690913,https://lichess.org/WHXCMVtk,2025-12-26,rapid,1-0,leader_wins,white,2548,2516,0,0,0,1,1,2
2400,575337,https://lichess.org/ew5FDmDG,2026-03-19,blitz,1-0,leader_wins,white,2564,2402,1,1,1,2,2,2
2400,1281235,https://lichess.org/gtw6gOo1,2026-01-27,blitz,0-1,leader_wins,black,2462,2413,1,0,1,3,1,2
2400,457135,https://lichess.org/pQHPUBcJ,2026-01-29,blitz,1-0,leader_wins,white,2234,2240,5,1,0,5,4,1
2400,445926,https://lichess.org/e1qjN2pO,2025-07-16,blitz,0-1,leader_wins,black,2297,2020,2,1,1,2,0,1
2400,1393800,https://lichess.org/cVfZLHK7,2023-08-07,rapid,0-1,leader_wins,black,2230,2226,2,0,0,3,1,3
2400,524931,https://lichess.org/TYf2YOTW,2025-09-23,classical,1-0,leader_wins,white,2244,2085,0,0,0,1,2,0
2400,1291871,https://lichess.org/vWEp06QK,2026-03-10,blitz,1-0,leader_wins,white,2322,2380,0,0,0,4,0,0
2400,602862,https://lichess.org/nhTz7EaJ,2024-04-15,blitz,0-1,leader_wins,black,2464,2430,0,0,0,2,2,0
2400,1373742,https://lichess.org/EaxDG39R,2026-02-19,rapid,0-1,leader_wins,black,2468,1838,1,0,0,5,3,0
2400,1161786,https://lichess.org/PxwrPTHY,2024-03-01,blitz,0-1,leader_wins,black,2220,2058,0,0,0,5,1,1
2400,1141587,https://lichess.org/zNzNdUSj,2025-06-10,blitz,1-0,leader_wins,white,2317,2329,2,0,0,6,2,0
2400,693700,https://lichess.org/xAlX6Ke1,2025-12-24,rapid,1-0,leader_wins,white,2348,2340,2,0,0,2,3,0
2400,615152,https://lichess.org/oBjPZXix,2024-05-26,blitz,1-0,leader_wins,white,2435,1976,3,0,0,2,0,2
2400,606359,https://lichess.org/qybOQLpm,2026-04-02,blitz,0-1,leader_wins,black,2441,2427,2,1,0,2,2,1
2400,1390731,https://lichess.org/CcnE9TAX,2025-09-07,rapid,1-0,leader_wins,white,2244,2342,1,0,0,2,1,1
2400,606199,https://lichess.org/flCQB8ZM,2026-04-19,blitz,1-0,leader_wins,white,2435,2415,4,0,2,2,0,5
2400,1244555,https://lichess.org/ed0tuRkl,2025-10-29,rapid,1-0,leader_wins,white,2429,2371,0,0,0,2,2,0
2400,582902,https://lichess.org/AF8i00ko,2025-08-17,blitz,0-1,leader_wins,black,2474,2235,3,0,0,1,1,2
2400,525495,https://lichess.org/4JUeMFAJ,2025-09-28,classical,0-1,leader_wins,black,2283,1931,2,0,0,1,1,2
2400,536432,https://lichess.org/bhD4HTD0,2023-05-28,classical,1-0,leader_wins,white,2210,2049,0,0,0,4,0,0
2400,687601,https://lichess.org/OtD1SMDm,2025-01-01,rapid,1-0,leader_wins,white,2438,2432,0,1,2,3,1,2
2400,682309,https://lichess.org/1ZWdpzmr,2023-06-01,rapid,0-1,leader_wins,black,2260,2225,0,0,0,1,0,1
2400,1293582,https://lichess.org/tUdlZwdM,2026-01-21,blitz,1-0,leader_wins,white,2351,2288,1,0,0,0,0,1
2400,602653,https://lichess.org/giWmhsD9,2024-05-22,blitz,1-0,leader_wins,white,2375,2431,0,0,0,3,0,1
2400,1224773,https://lichess.org/kimsItku,2024-07-27,classical,1-0,leader_wins,white,2218,1945,1,0,0,1,0,1
2400,1395894,https://lichess.org/IvzB4Tep,2025-10-21,rapid,1-0,leader_wins,white,2777,2525,0,0,0,0,0,1
2400,603007,https://lichess.org/on27pLcN,2024-03-14,blitz,0-1,leader_wins,black,2446,2301,0,0,0,1,0,1
2400,1299259,https://lichess.org/X5cmnV5I,2025-10-19,blitz,1-0,leader_wins,white,2454,2529,1,0,0,0,2,1
2400,1300910,https://lichess.org/KnO5a3O9,2026-02-24,blitz,0-1,leader_wins,black,2551,2398,2,0,2,3,0,2
2400,1291469,https://lichess.org/92CqRKjf,2026-04-07,blitz,0-1,leader_wins,black,2327,2478,0,0,0,4,1,0
2400,1161693,https://lichess.org/DnoJInXj,2025-08-02,blitz,1-0,leader_wins,white,2239,2217,0,2,0,1,2,3
2400,670199,https://lichess.org/x8S2D5lR,2026-01-12,classical,1-0,leader_wins,white,2283,1846,0,0,0,2,0,1
